id,cat
111447,Social Studies
123786,Astronomy
120249,Astronomy
102735,Astronomy
108684,Astronomy
117225,Science
102177,Astronomy
102096,Physics
111843,Physics
102636,Astronomy
117486,Astronomy
113022,Astronomy
118008,Astronomy
109440,Astronomy
7956,Astronomy
7965,Astronomy
7974,Astronomy
7983,Astronomy
7992,Astronomy
8001,Astronomy
8010,Literature
8019,Astronomy
8028,Astronomy
8037,Astronomy
8046,Astronomy
8055,Astronomy
8064,Astronomy
8073,Physics
8082,Literature
8091,Social Studies
8100,Astronomy
8109,Astronomy
8118,Astronomy
8127,Astronomy
8136,Astronomy
8145,Physics
8154,Geography
101358,Physics
8199,Biology
8208,Biology
8217,Science
8226,Biology
8235,Biology
8244,Social Studies
8253,Biology
8262,Biology
8271,Biology
8280,Biology
8289,Biology
8298,Biology
8307,Biology
8316,Biology
8325,Fine Arts
8334,Biology
8343,Biology
8352,Biology
8361,Biology
8370,Biology
8379,Earth Science
8388,Biology
8397,Biology
8406,Chemistry
8415,Biology
8424,Biology
8433,Fine Arts
8442,Biology
8451,Chemistry
8460,Biology
8469,Social Studies
8478,Biology
8487,Biology
8496,Biology
8505,Biology
8514,Biology
8523,Biology
8532,Astronomy
8541,Biology
8550,Biology
8559,Biology
8568,Chemistry
8577,Chemistry
8586,Biology
8595,Biology
8604,Biology
8613,Biology
8622,Biology
8631,Biology
8640,Biology
8649,Biology
8658,Chemistry
8667,Biology
8676,Social Studies
8685,Biology
8694,Biology
8703,Biology
8712,Biology
8721,Biology
8730,Biology
8739,Biology
8748,Biology
8757,Biology
8766,Biology
8775,Biology
8784,Chemistry
8793,Biology
8802,Biology
8811,Biology
8820,Biology
8829,Biology
8838,Science
8847,Biology
8856,Biology
8865,Chemistry
8874,Biology
8883,Other
8892,Fine Arts
8901,Biology
123696,Science
123822,Science
115695,Biology
107514,Biology
109413,Biology
116010,Biology
116019,Science
107838,Fine Arts
116046,Biology
116109,Science
116118,Biology
116136,Social Studies
116154,Chemistry
107964,Biology
114939,Fine Arts
108180,Biology
108855,Biology
108954,Biology
123300,Biology
117243,Fine Arts
109062,Biology
100872,Biology
100953,Physics
109206,Biology
101088,Biology
101142,Biology
117540,Biology
109386,Biology
117630,Biology
109467,Biology
109656,Biology
117981,Biology
117990,Biology
118035,Science
118053,Chemistry
118062,Biology
118089,Biology
118098,Fine Arts
115263,Biology
109953,Biology
118152,Biology
115272,Biology
123498,Biology
115308,Biology
102051,Biology
110259,Biology
110340,Biology
102150,Biology
110376,Biology
102195,Biology
123534,Biology
102483,Biology
118899,Biology
118971,Chemistry
110781,Biology
102609,Biology
110871,Biology
110907,Biology
119133,Biology
110943,Biology
110961,Biology
119160,Fine Arts
119178,Biology
102798,Fine Arts
111060,Biology
122904,Biology
119358,Science
119376,Astronomy
103005,Biology
119430,Biology
111438,Fine Arts
103257,Biology
119664,Chemistry
119673,Biology
103293,Literature
103311,Science
110385,Biology
111951,Biology
103770,Biology
107433,Biology
103941,Chemistry
120546,Biology
104211,Biology
112590,Chemistry
112626,Biology
112662,Fine Arts
112698,Biology
104508,Biology
121095,Biology
104733,Biology
112932,Science
121140,Chemistry
121185,Biology
113013,Biology
121221,Literature
121284,Biology
121347,Science
104967,Biology
114723,Biology
105255,Biology
105300,Biology
105318,Biology
105390,Biology
105417,Biology
121824,Fine Arts
121869,Biology
113679,Science
121887,Biology
121896,Biology
113715,Literature
105579,Science
122076,Biology
113976,Biology
117306,Biology
122436,Biology
122571,Science
122634,Biology
106281,Fine Arts
114579,Biology
114588,Biology
114597,Biology
8163,Social Studies
8172,Chemistry
8181,Biology
8190,Biology
122976,Chemistry
106632,Chemistry
123066,Chemistry
106722,Chemistry
115299,Physics
8910,Chemistry
8919,Chemistry
8928,Chemistry
107235,Chemistry
8937,Chemistry
8946,Chemistry
8955,Chemistry
8973,Biology
8982,Physics
8991,Chemistry
9000,History
9009,Biology
9018,Chemistry
9027,Chemistry
9036,Chemistry
9045,Chemistry
9054,Chemistry
9063,Chemistry
9072,Chemistry
9081,Chemistry
9090,Physics
9099,Chemistry
9108,Chemistry
9117,Chemistry
9126,Chemistry
9135,Earth Science
9144,Chemistry
9153,Chemistry
9162,Chemistry
9171,Physics
9180,Chemistry
9189,Chemistry
9198,Chemistry
9207,Chemistry
9216,Chemistry
9225,Biology
9234,Chemistry
9243,Chemistry
9252,Chemistry
9270,Chemistry
9279,Chemistry
9288,Chemistry
9297,Chemistry
9306,Biology
9315,Chemistry
9324,Chemistry
9333,Physics
9342,Chemistry
9351,Biology
9360,Chemistry
9369,Chemistry
9378,Physics
9396,Chemistry
9405,Chemistry
9414,Chemistry
9423,Chemistry
9432,Chemistry
9441,Physics
9450,Chemistry
9459,Chemistry
9468,Chemistry
9477,Chemistry
9486,Fine Arts
9495,Physics
9504,Chemistry
9513,Chemistry
9522,Physics
9531,Chemistry
107847,Chemistry
116064,Fine Arts
116127,Chemistry
116145,Chemistry
116172,Chemistry
116199,Chemistry
116235,Biology
116334,Fine Arts
110880,Chemistry
116550,Chemistry
116649,Chemistry
108459,Chemistry
108801,Chemistry
117117,Chemistry
100836,Chemistry
109143,Chemistry
117522,Chemistry
101232,Chemistry
101349,Chemistry
109611,Chemistry
109629,Chemistry
117972,Chemistry
109836,Chemistry
118107,Chemistry
118134,Chemistry
109944,Chemistry
102015,Chemistry
118476,Chemistry
110286,Chemistry
110349,Chemistry
110466,Chemistry
110619,Chemistry
110646,Biology
102654,Chemistry
102744,Chemistry
102825,Chemistry
111348,Chemistry
8964,Chemistry
111177,Chemistry
119565,Chemistry
119700,Chemistry
119763,Science
103491,Chemistry
111852,Chemistry
103806,Chemistry
120231,Chemistry
112050,Chemistry
120285,Chemistry
103914,Chemistry
112122,Chemistry
107460,Chemistry
120492,Chemistry
120582,Chemistry
107487,Chemistry
115704,Physics
107523,Chemistry
9261,Chemistry
112977,Chemistry
121230,Science
113157,Chemistry
113211,Chemistry
121851,Physics
9387,Chemistry
114525,Chemistry
105687,Chemistry
113895,Chemistry
113913,Social Studies
114048,Chemistry
107757,Chemistry
107766,Chemistry
122526,Science
106209,Chemistry
122697,Chemistry
122778,Chemistry
106659,Earth Science
123345,Earth Science
105894,Other
109404,Social Studies
109422,Social Studies
113571,Earth Science
9540,Astronomy
9549,Literature
9558,Chemistry
9567,Fine Arts
9576,Social Studies
9585,Fine Arts
9594,Earth Science
9603,Earth Science
9612,Social Studies
9621,Geography
103833,Earth Science
9630,Earth Science
9639,Fine Arts
9648,Earth Science
9657,Social Studies
9666,Physics
9675,Earth Science
9684,Physics
106092,Earth Science
102078,History
102141,Earth Science
122706,Chemistry
104778,Fine Arts
9,Fine Arts
18,Fine Arts
27,Fine Arts
36,Fine Arts
45,Fine Arts
54,Fine Arts
63,Fine Arts
72,Literature
81,Literature
90,Fine Arts
99,Fine Arts
108,Fine Arts
117,Fine Arts
126,Fine Arts
135,Fine Arts
144,Fine Arts
153,Fine Arts
162,Fine Arts
171,Fine Arts
180,Fine Arts
189,Fine Arts
198,Fine Arts
207,Fine Arts
216,Fine Arts
225,Fine Arts
234,Fine Arts
243,Fine Arts
252,Fine Arts
261,Fine Arts
270,Fine Arts
279,Fine Arts
288,Fine Arts
297,Fine Arts
306,Fine Arts
315,Fine Arts
324,Fine Arts
333,Fine Arts
342,Fine Arts
351,Fine Arts
360,Fine Arts
369,Fine Arts
378,Fine Arts
387,Fine Arts
396,Fine Arts
405,Fine Arts
414,Fine Arts
423,Literature
432,Fine Arts
441,Fine Arts
450,Fine Arts
459,Fine Arts
468,Fine Arts
477,Fine Arts
486,Fine Arts
495,Fine Arts
504,Fine Arts
513,Fine Arts
522,Fine Arts
531,Fine Arts
540,History
549,Fine Arts
558,Fine Arts
567,Fine Arts
576,Fine Arts
585,Fine Arts
594,Fine Arts
603,Fine Arts
612,Fine Arts
621,Fine Arts
630,Fine Arts
639,Fine Arts
648,Fine Arts
657,Fine Arts
666,Fine Arts
675,Fine Arts
684,Fine Arts
693,Fine Arts
702,Fine Arts
711,Fine Arts
720,Fine Arts
729,Fine Arts
738,Fine Arts
747,Fine Arts
756,Fine Arts
765,Fine Arts
774,Fine Arts
783,Fine Arts
792,Fine Arts
801,Fine Arts
810,Fine Arts
819,Fine Arts
828,Fine Arts
837,Fine Arts
846,Fine Arts
855,Fine Arts
864,Fine Arts
873,Fine Arts
882,Fine Arts
891,Fine Arts
900,Fine Arts
909,Fine Arts
918,Literature
927,Fine Arts
936,Fine Arts
945,Fine Arts
954,Fine Arts
963,Fine Arts
972,Fine Arts
981,Fine Arts
990,Fine Arts
999,Fine Arts
1008,Literature
1017,Literature
1026,Fine Arts
1035,Fine Arts
1044,Other
1053,Fine Arts
1062,Fine Arts
1071,Fine Arts
1080,Fine Arts
1089,Fine Arts
1098,Fine Arts
1107,Fine Arts
1116,Fine Arts
1125,Fine Arts
1134,Social Studies
1143,Fine Arts
1152,Fine Arts
1161,Fine Arts
1170,Fine Arts
1179,Fine Arts
1188,Fine Arts
1197,Fine Arts
1206,Fine Arts
1215,Fine Arts
1224,Fine Arts
1233,Fine Arts
1242,Fine Arts
1251,Fine Arts
1260,Fine Arts
1269,Fine Arts
1278,Fine Arts
1287,Fine Arts
1296,Literature
1305,Fine Arts
1314,Fine Arts
1323,Fine Arts
1332,Fine Arts
1341,Fine Arts
1350,Fine Arts
1359,Fine Arts
1368,Fine Arts
1377,Fine Arts
1386,Fine Arts
1395,Fine Arts
1404,Fine Arts
1413,Fine Arts
1422,Fine Arts
1431,Fine Arts
1440,Fine Arts
1449,Other
1458,Fine Arts
1467,Fine Arts
198099,Fine Arts
198198,Fine Arts
196875,Fine Arts
196884,Fine Arts
198315,Fine Arts
198333,History
198342,Fine Arts
198369,Fine Arts
198396,Fine Arts
198423,Fine Arts
198486,Fine Arts
198504,Fine Arts
198522,Fine Arts
198531,Fine Arts
198729,Fine Arts
100692,Fine Arts
100719,Fine Arts
100728,Literature
100737,Fine Arts
100746,Fine Arts
100764,Fine Arts
100818,Fine Arts
100863,Fine Arts
100926,Fine Arts
197046,Literature
100935,Fine Arts
100998,Fine Arts
101061,Fine Arts
101133,Fine Arts
197199,Fine Arts
197217,Fine Arts
101988,Fine Arts
197244,Astronomy
102321,Fine Arts
102375,Fine Arts
102420,Fine Arts
102438,Fine Arts
102456,Fine Arts
102510,Fine Arts
102564,Fine Arts
102690,Fine Arts
102717,Fine Arts
102969,Social Studies
103014,Fine Arts
103032,Fine Arts
103095,Fine Arts
103140,Fine Arts
197415,Fine Arts
103302,Fine Arts
103347,Fine Arts
103392,Fine Arts
197478,Fine Arts
103545,Fine Arts
103554,Fine Arts
103698,Fine Arts
103725,Fine Arts
103752,Fine Arts
103779,Fine Arts
197550,Fine Arts
103959,Fine Arts
197559,Fine Arts
104148,Fine Arts
197595,Fine Arts
104247,Fine Arts
104274,Fine Arts
104292,Fine Arts
104328,Fine Arts
104427,Fine Arts
104472,Fine Arts
104517,Fine Arts
104607,Fine Arts
104616,Fine Arts
104643,Fine Arts
197667,Fine Arts
104814,Fine Arts
104850,Fine Arts
197712,Fine Arts
105021,Fine Arts
105075,Fine Arts
197739,Fine Arts
197748,Fine Arts
105183,Fine Arts
105210,Fine Arts
105264,Fine Arts
105273,Literature
105381,Fine Arts
105444,Fine Arts
105480,Fine Arts
105561,Social Studies
105633,Fine Arts
105642,Social Studies
105651,Fine Arts
105705,Fine Arts
105768,Fine Arts
197865,Fine Arts
105876,Fine Arts
105885,Fine Arts
105939,Fine Arts
105957,Fine Arts
106083,Fine Arts
106272,Fine Arts
106407,Other
106416,Fine Arts
106425,Fine Arts
106497,Fine Arts
106542,Fine Arts
106578,Literature
106587,Fine Arts
106641,Fine Arts
196686,Fine Arts
106929,Fine Arts
198063,Fine Arts
107244,Fine Arts
196704,Fine Arts
107361,Fine Arts
107424,Fine Arts
107442,Fine Arts
107496,Fine Arts
107541,Fine Arts
196713,Science
107748,Fine Arts
107775,Other
107784,Fine Arts
107793,Fine Arts
107883,Fine Arts
107991,Fine Arts
108108,Fine Arts
108117,Fine Arts
108189,Fine Arts
108414,Fine Arts
108432,Fine Arts
108657,Fine Arts
108693,Fine Arts
108729,Fine Arts
108792,Fine Arts
108999,Fine Arts
109188,Fine Arts
109251,Fine Arts
109269,Fine Arts
109314,Fine Arts
109359,Fine Arts
109458,Fine Arts
109512,Fine Arts
109539,Fine Arts
109548,Fine Arts
109863,Literature
109872,Literature
109926,Fine Arts
109989,Fine Arts
196794,Fine Arts
110052,Fine Arts
110205,Fine Arts
110277,Fine Arts
110475,Fine Arts
110538,Fine Arts
110763,Fine Arts
196821,Literature
110853,Fine Arts
110889,Fine Arts
110988,Fine Arts
111150,Fine Arts
111303,Fine Arts
111321,Fine Arts
111330,Fine Arts
111762,Fine Arts
111942,Fine Arts
112005,Fine Arts
112077,Fine Arts
112383,Fine Arts
112401,Fine Arts
112464,Fine Arts
112734,Fine Arts
112851,Fine Arts
112860,Fine Arts
112923,Literature
112986,Fine Arts
113094,Fine Arts
113121,Fine Arts
113139,Fine Arts
113166,Fine Arts
113184,Fine Arts
113220,Fine Arts
113580,Fine Arts
113607,Fine Arts
113616,Fine Arts
113643,Fine Arts
113697,Fine Arts
113769,Fine Arts
114012,Fine Arts
114084,Fine Arts
114102,Fine Arts
114129,Other
114138,Fine Arts
114147,Fine Arts
114156,Fine Arts
114165,Fine Arts
114174,Fine Arts
114183,Fine Arts
114192,Fine Arts
114201,Fine Arts
114210,Literature
114219,Fine Arts
114228,Other
114237,Fine Arts
114246,Fine Arts
114255,Fine Arts
114264,Fine Arts
114273,Fine Arts
114282,Fine Arts
114291,Fine Arts
114300,Fine Arts
114309,Fine Arts
114318,Fine Arts
114327,Fine Arts
114336,Fine Arts
114345,Fine Arts
114354,Fine Arts
114363,Fine Arts
114372,Literature
114381,Fine Arts
114390,Fine Arts
114399,Fine Arts
114435,Fine Arts
114444,Fine Arts
114471,Literature
114624,Fine Arts
114705,Literature
114741,Fine Arts
114822,Fine Arts
114867,Fine Arts
114903,Fine Arts
114912,Fine Arts
114966,Fine Arts
115173,Fine Arts
115200,Fine Arts
115227,Fine Arts
115290,Fine Arts
115380,Fine Arts
115416,Fine Arts
115479,Fine Arts
115560,Literature
115569,Other
115587,Fine Arts
115632,Fine Arts
115785,Fine Arts
115794,Fine Arts
115803,Fine Arts
115812,Fine Arts
115821,Fine Arts
115830,Fine Arts
115839,Fine Arts
115848,Literature
115857,Fine Arts
115866,Fine Arts
115875,Fine Arts
115884,Fine Arts
115893,Other
115902,Fine Arts
115911,Fine Arts
115920,Fine Arts
115929,Fine Arts
115938,Fine Arts
115947,Fine Arts
115956,Other
115965,Fine Arts
115974,Fine Arts
115983,Fine Arts
116163,Fine Arts
116190,Fine Arts
116271,Fine Arts
116451,Fine Arts
116469,Fine Arts
116667,Fine Arts
117054,Fine Arts
117126,Fine Arts
117189,Fine Arts
117234,Fine Arts
117252,Literature
117261,Fine Arts
117387,Fine Arts
117450,Fine Arts
117459,Fine Arts
117531,Fine Arts
117657,Fine Arts
117666,Fine Arts
118431,Fine Arts
118530,Fine Arts
118620,Fine Arts
118692,Fine Arts
118809,Fine Arts
118890,Fine Arts
118926,Fine Arts
118944,Other
118989,Fine Arts
119124,Fine Arts
119196,Fine Arts
119205,Fine Arts
119277,Fine Arts
119448,Fine Arts
119475,Fine Arts
119493,Fine Arts
119538,Fine Arts
119619,Fine Arts
119655,Fine Arts
119718,Fine Arts
119736,Fine Arts
119790,Fine Arts
119853,Fine Arts
119880,Fine Arts
119889,Fine Arts
119898,Fine Arts
119907,Fine Arts
119916,Literature
119925,Literature
119934,Fine Arts
119943,Literature
119952,Literature
119961,Fine Arts
119970,Fine Arts
119979,Fine Arts
119988,Fine Arts
119997,Fine Arts
120006,Literature
120015,Social Studies
120024,Fine Arts
120033,Fine Arts
120042,Fine Arts
120051,Fine Arts
120060,Fine Arts
120069,Fine Arts
120078,Literature
120114,Fine Arts
120177,Fine Arts
120276,Fine Arts
120393,Fine Arts
120402,Fine Arts
120429,Fine Arts
120600,Fine Arts
120636,Fine Arts
120690,Fine Arts
120762,Fine Arts
120780,Fine Arts
121167,Fine Arts
121176,Fine Arts
121194,Fine Arts
121266,Fine Arts
121590,Fine Arts
121653,Fine Arts
121761,Fine Arts
121788,Fine Arts
121797,Fine Arts
121941,Fine Arts
122094,Fine Arts
122175,Fine Arts
122184,Fine Arts
122445,Fine Arts
122472,Fine Arts
122490,Fine Arts
122544,Fine Arts
122589,Literature
122670,Fine Arts
122724,Fine Arts
122733,Fine Arts
122805,Other
122868,Fine Arts
122895,Fine Arts
122931,Fine Arts
122967,Fine Arts
123039,Fine Arts
123102,Fine Arts
123129,Fine Arts
123174,Fine Arts
123408,Fine Arts
123435,Fine Arts
123507,Fine Arts
123552,Fine Arts
123606,Fine Arts
189144,Fine Arts
189198,Fine Arts
189297,Fine Arts
189333,Fine Arts
189342,Fine Arts
189351,Fine Arts
123831,Fine Arts
123849,Fine Arts
123858,Fine Arts
189405,Fine Arts
123912,Fine Arts
189567,Fine Arts
189720,History
189729,Fine Arts
189774,Fine Arts
189783,Fine Arts
189855,Fine Arts
189873,Literature
189882,History
189909,Fine Arts
189945,Fine Arts
189972,Fine Arts
190098,Fine Arts
190107,Fine Arts
190134,Fine Arts
190224,Fine Arts
190305,Fine Arts
190323,Fine Arts
190350,Fine Arts
190386,Fine Arts
190440,Fine Arts
190467,Fine Arts
190476,Fine Arts
190503,Fine Arts
190530,Fine Arts
190656,Fine Arts
190701,Fine Arts
190719,Fine Arts
190854,Fine Arts
191097,Fine Arts
191142,Fine Arts
191205,Geography
191340,Literature
191358,Fine Arts
191385,Fine Arts
191565,Fine Arts
191619,Fine Arts
191628,Fine Arts
191646,Literature
191655,Fine Arts
191682,Other
191727,Fine Arts
191736,Fine Arts
191781,Fine Arts
191916,Fine Arts
192204,Literature
192456,Other
192492,Fine Arts
192537,Fine Arts
192582,Social Science
192870,Fine Arts
193221,Fine Arts
193428,Fine Arts
193455,Fine Arts
193590,History
193824,Fine Arts
193842,Fine Arts
193914,Literature
194076,Fine Arts
194112,Fine Arts
194130,Fine Arts
194148,Fine Arts
194202,Fine Arts
194247,Fine Arts
194391,Geography
194490,Fine Arts
194535,Fine Arts
194544,Fine Arts
194607,Fine Arts
194625,Fine Arts
194643,Fine Arts
194697,Fine Arts
194715,Fine Arts
194724,Fine Arts
194814,Fine Arts
194823,Other
194868,Fine Arts
194895,Fine Arts
194949,Fine Arts
195039,History
195066,Fine Arts
195138,Fine Arts
195219,Fine Arts
195408,Fine Arts
195444,Fine Arts
195462,Fine Arts
195543,Fine Arts
195642,Fine Arts
195651,Literature
195813,Fine Arts
195858,Fine Arts
196209,Fine Arts
196245,Fine Arts
196263,Fine Arts
196308,Fine Arts
196317,Fine Arts
196380,Fine Arts
196398,Fine Arts
196533,Geography
196560,Fine Arts
196596,Literature
190539,Social Studies
198738,Fine Arts
190566,Geography
190602,Geography
196857,Social Studies
192807,Geography
197010,Social Studies
197055,Geography
197100,History
197181,Geography
193122,History
197271,Geography
192294,Social Studies
195309,History
197487,Geography
193437,Social Studies
193473,Social Studies
197604,Geography
197640,Geography
189495,Geography
197703,Geography
193653,Geography
197802,Social Studies
189621,Social Studies
193770,Fine Arts
191745,History
189792,Fine Arts
198018,Geography
198036,Geography
198045,Geography
194049,Social Studies
194121,Geography
196200,Astronomy
190071,Geography
194292,Social Studies
196362,Fine Arts
198450,Geography
198468,Social Studies
190278,Social Studies
196443,Science
196488,Geography
192411,Geography
191079,History
196731,History
196740,History
196758,History
189864,History
196839,History
196650,History
196065,History
193140,History
197028,Geography
192186,History
193149,Geography
197235,History
197388,History
193158,Astronomy
197469,Geography
189900,History
197496,History
197505,History
197568,History
197622,History
197631,History
197676,History
196803,History
193356,History
198009,History
1476,History
1485,History
1494,History
1503,Literature
1512,History
1521,History
1530,History
1539,History
1548,History
1557,Other
1566,History
1575,History
1584,Social Studies
1593,History
1602,History
1611,History
1620,History
1629,History
1638,History
1647,Literature
1656,History
1665,History
1674,History
1683,History
1692,History
1701,History
1710,History
1719,History
1728,History
1737,Fine Arts
1746,History
1755,Literature
1764,History
1773,History
1782,Fine Arts
1791,History
1800,History
1809,History
1818,Literature
1827,Literature
1836,History
1845,History
1854,History
1863,History
1872,History
1881,History
1890,History
1899,History
1908,History
1917,History
1926,Other
1935,History
1944,History
1953,History
1962,History
1971,Literature
1980,History
1989,History
1998,Social Studies
2007,Literature
2016,History
2025,History
2034,History
2043,History
2052,History
2061,History
2070,History
2079,History
2088,History
2097,History
2106,History
2115,History
2124,History
2133,History
2142,Literature
2151,History
2160,History
2169,History
2178,History
2187,History
2196,History
2205,History
2214,History
2223,History
2232,History
2241,History
2250,History
2259,History
2268,History
2277,History
2286,History
2295,History
2304,History
2313,History
2322,History
2331,History
2340,History
2349,History
2358,History
2367,History
2376,History
2385,Fine Arts
2394,History
2403,History
2412,History
2421,History
2430,History
2439,History
2448,Fine Arts
2457,History
2466,History
2475,Literature
2484,Literature
2493,Social Studies
2502,History
2511,History
2520,History
2529,History
2538,History
2547,History
2556,History
2565,History
2574,Literature
2583,History
2592,History
2601,History
2610,History
2619,History
2628,Literature
2637,History
2646,History
2655,History
2664,History
2673,History
2682,History
2691,History
2700,History
2709,History
2718,History
2727,History
2736,History
2745,History
2763,History
2772,History
2781,History
2790,History
2808,History
2817,Literature
2826,History
2835,History
2844,Literature
101151,History
2853,History
2862,History
2871,History
2880,History
101187,History
2889,History
101196,History
2898,History
101205,History
2916,History
101223,History
2925,History
2934,History
101241,History
2943,History
101250,History
2952,Social Studies
2970,History
2979,History
2988,History
2997,History
3006,History
3015,History
3024,History
3033,Social Studies
3042,History
3051,Literature
3060,History
3069,Literature
3078,Literature
3087,History
3096,History
3105,History
3114,History
3123,History
3132,History
3141,Literature
3150,Social Studies
3159,History
3168,History
3177,Literature
3186,History
3195,History
3204,History
3213,History
3222,Fine Arts
3231,History
3240,Literature
3249,History
3258,History
3267,History
3276,History
3285,History
3294,History
3303,History
3312,History
3321,Fine Arts
3330,History
3339,History
3348,History
3357,History
3366,History
3375,Chemistry
3384,History
3393,Literature
3402,History
3411,History
3420,History
3429,History
3438,History
3447,History
3456,History
3465,History
3474,History
3483,History
3492,History
3501,History
3510,History
3519,History
3528,History
3537,Fine Arts
3546,History
3555,History
3564,History
3573,History
3582,History
3591,Fine Arts
3600,History
3609,History
3618,History
3627,History
3636,History
3645,History
3654,History
3663,History
3672,History
3681,History
3690,History
3699,History
3708,History
3717,History
3726,History
3735,Literature
3744,History
3753,History
3762,History
3771,History
3780,History
3789,Literature
3798,History
3807,History
3816,Chemistry
3825,History
3834,History
3843,History
3852,History
3861,History
3870,Literature
3879,Fine Arts
3888,History
3897,History
3906,History
3915,History
3924,Literature
3933,History
3942,History
3951,History
3960,History
3969,History
3978,History
3987,History
3996,Social Studies
4005,History
4014,History
4023,History
4032,Literature
4041,History
4050,Literature
4059,History
4068,Literature
4077,History
4086,History
4095,Chemistry
4104,History
4113,Literature
4122,History
102429,History
4131,Literature
4140,History
4149,History
4185,History
4203,History
4212,History
4221,History
4239,History
4257,History
4266,History
4275,History
102582,History
4284,History
4293,History
4302,History
4311,History
4320,History
4338,History
4347,History
4356,Literature
4365,History
4374,History
4383,History
4392,History
4401,History
4410,History
4419,History
4428,History
102762,History
102807,History
102861,History
102888,History
193284,History
102987,History
102996,History
103023,History
103077,History
103104,History
103167,History
103194,History
103239,History
103248,Fine Arts
103266,History
103275,History
103284,Literature
103338,History
103356,History
191853,History
103383,Fine Arts
103410,History
103419,History
103437,History
103455,History
103464,History
103536,History
103689,History
103707,History
103734,History
192132,History
196002,History
103788,History
103797,History
192222,History
103824,History
103842,History
103860,History
103878,History
195498,History
103896,History
103905,History
103986,History
104004,History
104013,History
104022,History
104031,History
104040,History
104058,History
104067,History
104076,History
104085,History
104094,History
104103,History
104112,History
104121,History
104130,History
104166,History
104184,History
104220,History
104229,History
104283,History
104301,History
104310,History
104418,History
104499,History
104526,History
193338,Social Science
104634,History
104652,History
104670,History
104706,History
190989,History
191862,History
104751,Literature
104787,History
196227,History
104841,History
104859,History
104895,Social Studies
104958,History
105030,History
105102,History
105192,History
105291,History
105309,History
105462,Other
105489,History
193374,Literature
194310,History
105678,Social Studies
105696,History
105741,History
197325,History
105840,History
105867,History
193095,History
105903,History
105912,History
105930,History
105966,Fine Arts
105975,History
106011,History
106029,History
106110,History
106137,History
106182,History
106200,History
106236,History
106308,History
106371,Other
106389,History
106398,History
106434,Other
106596,History
106614,History
106758,History
192312,History
106794,History
106812,History
106857,History
106875,History
192627,History
198207,History
193419,History
107271,History
107280,History
196029,History
198108,History
107307,History
198378,History
107370,Fine Arts
107397,History
194967,History
107478,History
107505,Literature
198144,History
107550,History
107568,History
107577,History
107586,History
107622,History
107631,History
107640,History
107676,History
107739,History
107856,History
107874,History
107892,History
107919,History
107973,Literature
108018,History
194931,History
108054,History
198234,History
108072,History
108090,Other
108135,History
108144,History
108171,History
198270,History
108423,History
108567,History
108576,History
108585,History
108603,History
108612,History
194805,History
108702,History
108720,History
108774,History
108810,History
108846,History
108882,History
108891,History
108909,History
108981,History
109053,History
109071,History
109080,History
109089,History
109134,History
109161,History
109323,History
109332,History
109368,History
109377,History
109449,History
109530,History
109593,History
109647,History
109665,History
109674,Literature
109683,History
109692,History
109701,History
109710,History
109719,History
109728,History
109737,History
109746,History
109755,History
109764,History
109773,History
109782,History
109791,History
109800,History
109809,History
109827,History
196011,History
109899,Social Studies
189153,Social Studies
109962,Literature
110025,History
110097,History
110115,History
193131,Geography
110214,History
110232,Literature
110313,History
110322,History
110367,History
193167,History
110430,History
193176,History
110484,History
110493,History
193185,History
110583,History
110601,History
110664,History
110700,History
110790,History
110799,History
110808,History
193212,Geography
111051,History
111087,History
111141,History
111186,History
190287,History
111249,History
111285,History
111339,Geography
111366,History
111375,History
193329,History
111402,History
111456,History
193347,History
193365,History
111672,History
111681,History
111690,History
111699,History
111717,History
111726,History
111735,History
111744,History
111753,History
111771,History
111780,History
111789,History
111798,History
111807,History
111816,History
111825,History
111834,History
111861,History
196056,History
111897,History
111978,History
112086,History
195201,History
189225,History
112113,History
112131,History
197955,History
197811,History
193311,Geography
112392,History
112428,Literature
191907,History
112446,History
112509,History
100683,History
112581,History
112608,History
112635,History
112653,Literature
112770,History
112779,History
112833,History
112905,History
189252,History
112941,History
113004,History
100755,History
100782,History
100809,History
100827,History
113445,Literature
113625,History
113760,History
113787,History
113796,History
100890,History
113832,History
113868,History
113877,History
113922,History
113931,History
113949,History
114021,History
114030,History
191475,History
193671,History
100989,History
114453,History
114507,History
114516,History
114633,History
114669,History
114678,History
101034,History
114687,History
114732,History
114759,History
2754,History
193239,History
114894,History
114921,History
114957,History
114993,History
115002,History
196020,History
2799,History
115155,Social Studies
115164,History
115182,History
115317,History
115353,History
115362,History
115461,History
115506,History
115515,History
115533,History
115542,History
115596,History
115605,History
115686,History
115713,History
115722,History
2907,History
115758,History
194058,History
195894,History
2961,History
198477,History
101286,History
193248,History
116289,History
116478,History
116496,History
116523,History
191538,History
116568,History
116613,History
196470,History
116658,History
116676,History
101430,History
117072,History
117081,History
117090,Literature
117108,History
117153,History
117162,History
117216,History
193761,History
194328,History
117396,History
194337,History
117504,History
117639,History
117684,History
117720,History
118197,History
118206,History
195975,History
118215,History
118242,History
118251,History
118260,History
118287,History
118296,History
118305,History
118332,History
118395,History
118449,History
118485,History
189801,History
118593,History
118629,History
118638,History
118647,History
118665,History
118701,History
118737,History
118818,History
118845,Fine Arts
118854,History
193266,History
118953,History
197091,History
189135,History
119043,History
119061,History
119088,History
119106,History
119223,History
119232,History
119241,History
119349,Geography
119385,History
119412,History
119457,History
119511,History
119547,History
119592,History
101853,History
119628,History
119727,History
119808,History
119835,History
101898,Literature
190575,History
101916,History
101934,History
120096,History
196038,Literature
120105,History
101943,History
120141,Fine Arts
120186,History
101952,History
120195,Fine Arts
120267,History
193275,History
196047,Literature
190593,History
120447,History
120456,History
101997,History
120474,History
120510,History
102006,History
120537,History
120564,Social Studies
120645,History
120654,History
120663,History
120726,History
102042,History
198693,History
189279,History
102087,History
121050,History
121077,History
102105,History
121149,History
191709,History
121320,History
121338,History
121572,History
121635,History
121671,History
121806,Fine Arts
121833,History
121968,Fine Arts
102249,History
195093,History
195237,History
121995,Social Studies
122022,History
102258,History
195102,History
122067,History
122085,History
195111,History
122103,History
102276,History
122157,History
193230,History
122229,History
122238,History
122247,History
122256,History
122265,History
122274,History
122283,History
122292,History
122301,History
122310,History
122319,History
122328,History
122337,History
122346,History
102312,History
122355,Fine Arts
122364,History
122373,Literature
122382,History
122391,Social Studies
122400,History
122409,History
122418,History
122427,History
122454,History
122463,History
122535,History
122562,History
102348,History
122580,History
122652,History
122661,History
122679,History
122769,History
122877,History
122913,History
122940,History
122949,History
123021,History
123075,History
123120,History
123138,History
123228,History
123237,History
123246,History
4158,History
123264,History
4167,History
123327,History
123336,History
4176,History
123372,History
123381,History
195327,History
193293,Fine Arts
4194,Fine Arts
123516,History
123525,History
123615,History
123624,History
123678,History
4230,History
123687,History
123705,History
189306,History
4248,Literature
189360,History
192987,Literature
123867,History
123876,History
189477,History
189522,History
189531,History
189540,History
196218,History
189594,History
189603,History
189981,History
189630,History
189648,History
189666,Social Studies
4329,History
102663,History
102672,History
190431,History
197289,History
190125,History
190521,History
190548,Literature
190710,History
190737,History
190809,History
190845,History
190863,History
193257,History
198414,Fine Arts
192114,History
191673,History
189693,History
191934,History
192015,History
192033,History
192051,History
197343,History
192420,History
195921,History
193320,History
195948,History
192681,History
195966,History
192789,History
195984,History
192438,History
192888,History
195993,History
192924,History
197946,History
192978,Fine Arts
192996,Fine Arts
193005,History
193014,Fine Arts
193023,History
193041,History
194103,History
193068,Other
193077,History
193086,Fine Arts
193104,History
193383,Social Studies
193401,History
193410,Other
196083,History
193464,Other
193527,History
193572,History
189756,History
193032,History
193833,History
189837,History
198495,History
196164,History
197406,History
193959,History
194004,History
194013,History
194418,History
193059,History
197424,History
194517,History
194571,History
195012,History
195030,History
195048,Geography
190890,History
195957,History
195336,History
195426,History
197928,History
195597,History
195624,History
193302,History
191007,History
195840,History
195903,History
195912,History
195930,History
195939,History
193113,History
196371,Earth Science
196416,History
196452,History
196587,History
193050,History
4437,Literature
4446,Other
4455,Literature
4464,Literature
4473,Literature
4482,Literature
4491,Literature
4500,Literature
4509,Literature
4518,Literature
4527,Literature
4536,Literature
4545,Literature
4554,Literature
4563,Literature
4572,Literature
4581,Literature
4590,Literature
4599,Literature
4608,Literature
4617,Literature
4626,Literature
4635,Literature
4644,Literature
4653,Literature
4662,Literature
4671,Literature
4680,Literature
4689,Literature
4698,Literature
4707,Literature
4716,Literature
4725,Literature
4734,Literature
4743,Literature
4752,Literature
4761,Literature
4770,Literature
4779,Literature
4788,Literature
4797,Literature
4806,Literature
4815,Literature
4824,Literature
4833,Literature
4842,Literature
4851,Literature
4860,Literature
4869,Literature
4878,Literature
4887,Literature
4896,Literature
4914,Literature
4923,Literature
4932,Literature
4941,Literature
4950,Literature
4959,Literature
4968,Literature
4977,Literature
4986,Literature
4995,Literature
5004,Literature
5013,Literature
5022,Literature
5040,Literature
5049,Literature
5058,Literature
5067,Literature
5076,Literature
5085,Literature
5094,Literature
5112,Literature
5130,Literature
5157,Literature
5175,Literature
5184,Literature
5193,Social Studies
5202,Literature
5211,Literature
5220,History
5229,Literature
5238,Literature
5247,Literature
5256,Literature
5265,Literature
5274,Literature
5283,Literature
5292,Literature
5301,Fine Arts
5310,Literature
5319,Literature
5328,Literature
5337,Literature
5346,Literature
5355,Literature
5364,Fine Arts
5373,Literature
5382,Literature
5391,Literature
5400,Literature
5409,Literature
5418,Literature
5427,Literature
5436,Fine Arts
5445,Literature
5454,Literature
5463,Literature
5472,Literature
5481,History
5490,Literature
5499,Literature
5508,Literature
5517,Literature
5526,Literature
5535,Social Studies
5544,Literature
5553,Literature
5562,Literature
5571,Literature
5580,Literature
5589,Literature
5598,Literature
5607,Literature
5616,Literature
5625,Literature
5634,Literature
5643,Literature
5652,Literature
5661,Literature
5670,Literature
5679,Literature
5688,Literature
5697,Literature
5706,Literature
5715,Literature
5724,Literature
5733,Literature
5742,Literature
5751,Literature
5760,Literature
5769,Literature
5778,Literature
5787,Literature
5796,Literature
5805,Literature
5814,Literature
5823,Literature
5832,Literature
5841,Literature
5850,Literature
5859,Literature
5868,Literature
5877,Literature
5886,Literature
5895,Literature
5904,Literature
5913,Literature
5922,Literature
5931,Literature
5940,Literature
5949,Social Studies
5958,Literature
5967,Fine Arts
5976,Literature
5985,Literature
5994,Literature
6003,Literature
6012,Literature
6021,Literature
6057,Literature
6075,Literature
6093,Literature
6102,Literature
6120,Literature
6129,Literature
6138,Social Studies
6147,Literature
6156,Literature
6174,Literature
6183,Literature
6210,Literature
6219,Literature
6228,Literature
6246,Social Studies
6255,Literature
6264,Literature
6273,Literature
6282,Literature
6291,Literature
6300,Literature
6309,Literature
6318,Literature
6327,Literature
6336,Literature
6345,Literature
6354,Literature
6363,Literature
6372,Literature
6381,Literature
6390,Literature
6399,Literature
6408,Literature
6417,Literature
6426,Literature
6435,Literature
6444,Literature
6453,Literature
6462,Literature
6471,Literature
6480,Literature
6489,Literature
6498,Literature
6507,Literature
6516,Literature
6525,Literature
6534,Literature
6543,Fine Arts
6552,Literature
6561,Literature
6570,Literature
6579,Literature
6588,Literature
6597,Literature
6606,Literature
6615,Literature
6624,Literature
6633,Literature
6642,Literature
6651,Literature
6660,Literature
6669,Literature
6678,Literature
6687,Literature
6696,Literature
6705,Literature
6714,Literature
6723,Literature
6732,Literature
6741,Literature
6750,Literature
6759,Literature
6768,Literature
6777,Social Studies
6786,Literature
6795,Literature
6804,Literature
6813,History
6822,Literature
6831,Literature
6840,Literature
6849,Literature
6858,Literature
6867,Literature
6876,Literature
6885,Literature
6894,Literature
6903,Literature
6912,Literature
6921,Literature
6930,Literature
6939,Literature
6948,Literature
6957,Literature
6966,Literature
6975,Literature
6984,Literature
6993,Literature
7002,Literature
7011,Literature
7020,Literature
7029,Literature
7038,Literature
7047,Literature
7056,Literature
7065,Social Studies
7074,Literature
7083,Literature
7092,Literature
7101,Literature
7110,Literature
7119,Literature
7128,Social Studies
7137,Literature
7146,Literature
7155,Literature
7164,Literature
7173,Literature
7182,Literature
7191,Literature
7200,Fine Arts
7209,Literature
7218,Literature
7227,Literature
7236,Literature
7245,Literature
7254,Fine Arts
7263,Literature
7272,Literature
7281,Literature
7299,Literature
7308,Literature
7317,Literature
7326,Literature
7335,Fine Arts
7344,Literature
4905,Literature
5031,Literature
5103,Literature
5121,Literature
5139,Literature
5148,Literature
5166,Literature
6030,Literature
6039,Other
6048,Literature
6066,Literature
6084,Literature
6111,Literature
6165,Literature
6192,Literature
6201,Literature
6237,Literature
7290,Literature
189162,Literature
189189,Literature
189216,Literature
189261,Literature
189423,Literature
189441,Literature
189450,Literature
189549,Literature
189558,Literature
189711,Literature
189765,Literature
189819,Literature
189846,Literature
189891,Literature
189918,Literature
189936,Literature
189954,Other
189963,Literature
190008,Literature
190044,Literature
190053,History
190116,Literature
190170,Literature
190179,Literature
190188,Literature
190242,Literature
190251,Literature
190260,Literature
190368,Literature
190458,Other
190494,Literature
190512,Literature
190584,Literature
190638,Other
190674,Literature
190692,Literature
190728,Literature
190773,Literature
190818,Literature
190872,Literature
190881,Literature
190908,Literature
190935,Literature
190953,Literature
190971,Literature
191133,Literature
191160,Literature
191187,Literature
191196,Literature
191268,Literature
191277,Literature
191286,Literature
191304,Literature
191367,Literature
191376,Literature
191403,Literature
191421,Literature
191430,Fine Arts
191439,Literature
191448,Literature
191457,Literature
191466,Fine Arts
191484,Literature
191493,Literature
191547,Literature
191556,Literature
191664,Literature
191691,Literature
191763,Literature
191817,Literature
191835,Literature
191844,Literature
191898,Literature
192006,Literature
192024,Literature
192060,Literature
192078,Literature
192123,Literature
192150,Literature
192168,Literature
192213,Literature
192240,Literature
192276,Literature
192330,Literature
192348,Literature
192366,Literature
192393,Literature
192429,Literature
192447,Literature
192465,Literature
192483,Literature
192501,Literature
192519,Literature
192555,Literature
192564,Literature
192600,Literature
192609,Literature
192636,Literature
192690,Literature
192717,Literature
192735,Literature
192771,Literature
192780,Literature
192798,Literature
192816,Literature
192825,Literature
192843,Literature
192852,Literature
192861,Literature
192906,Literature
192915,Literature
193194,Literature
193203,Literature
193518,Literature
193545,Literature
193554,Literature
193617,Literature
193644,Literature
193725,Literature
193779,Literature
193860,Literature
193977,Literature
194040,Literature
194139,Literature
194166,Literature
194184,Literature
194211,Literature
194229,Literature
194283,Literature
194301,Literature
194355,Literature
194373,History
194382,Literature
194400,Literature
194409,Literature
194436,Literature
194481,Literature
194508,Literature
194562,Literature
194589,Literature
194652,History
194661,Literature
194670,Fine Arts
194760,Fine Arts
194778,Literature
194787,Literature
194850,Literature
194859,Literature
194904,Literature
194913,Literature
194994,Literature
195057,Literature
195075,Literature
195129,Literature
195264,Literature
195282,Literature
195291,Literature
195318,Literature
195354,Literature
195363,Literature
195390,Literature
195480,Literature
195552,Literature
195588,Literature
195669,Literature
195741,Literature
195759,Literature
195777,Literature
195822,Literature
196074,Literature
196092,Fine Arts
196101,Literature
196173,Literature
196182,Literature
196290,Fine Arts
196353,Literature
196389,Literature
196407,Literature
196425,Literature
196506,Literature
196542,Fine Arts
196578,Literature
196605,Literature
196614,Literature
196623,Literature
196659,Literature
196722,Other
196776,Literature
196830,Literature
196929,Literature
196947,Literature
196983,Literature
196992,Literature
197073,Literature
197109,History
197154,Literature
197163,Literature
197226,History
197253,Literature
197361,Literature
197379,Literature
197433,Literature
197514,Astronomy
197523,Literature
197532,Literature
197541,Literature
197649,Literature
197694,Other
197721,Literature
197820,Literature
198000,Literature
198126,Literature
198153,Literature
198216,Literature
198252,Literature
198261,Literature
198297,Other
198441,Literature
198459,Literature
198540,Other
198585,Literature
198594,History
198603,Literature
198612,Literature
198621,Literature
198675,Literature
198711,Literature
198720,Literature
100710,Literature
100773,Literature
100791,Literature
100908,Literature
100980,Literature
101007,Literature
101052,Literature
101079,Literature
101097,Literature
101106,Literature
101124,Literature
101169,Literature
101295,Literature
101313,Literature
101322,Literature
101331,Literature
101340,Literature
101376,Literature
101385,Literature
101439,Literature
101448,Literature
101457,Literature
101466,Literature
101475,Literature
101484,Literature
101493,Literature
101502,Literature
101511,Literature
101520,Literature
101529,Literature
101538,Literature
101547,Literature
101556,Literature
101565,Literature
101574,Literature
101583,Literature
101592,Literature
101601,Literature
101610,Literature
101619,Literature
101628,Literature
101637,Literature
101646,Literature
101655,Literature
101664,Fine Arts
101673,Literature
101682,Literature
101907,History
101961,Other
102069,Literature
102159,Literature
102213,Other
102231,Other
102240,Literature
102330,Fine Arts
102339,Literature
102366,Other
102411,Literature
102465,Literature
102474,Literature
102528,Other
102555,Literature
102573,Literature
102591,Other
102618,Literature
102627,Literature
102852,Literature
102879,Literature
102897,Literature
102942,Literature
102951,Literature
102960,Literature
103086,Literature
103113,Literature
103203,Literature
103221,Literature
103230,Literature
103329,Literature
103365,Fine Arts
103374,Literature
103446,Other
103473,Literature
103518,Literature
103527,Literature
103563,Literature
103590,Literature
103599,Literature
103653,Literature
103671,Literature
103968,Literature
104175,Other
104202,Literature
104256,Literature
104337,Literature
104346,Literature
104355,Literature
104364,Literature
104373,Literature
104391,Literature
104400,Literature
104463,Literature
104490,Literature
104535,Literature
104562,Literature
104580,Literature
104589,Literature
104598,Literature
104697,Literature
104715,Literature
104868,Literature
104922,Literature
104931,Literature
104994,Literature
105048,Literature
105066,Other
105129,Fine Arts
105156,History
105201,Literature
105219,Literature
105237,Literature
105246,Literature
105327,Literature
105336,Literature
105435,Literature
105471,Literature
105498,Social Studies
105507,Other
105588,Literature
105615,Literature
105660,Literature
105669,Literature
105732,Literature
105786,Literature
105804,Literature
105813,Other
105822,Literature
105831,Literature
105993,Literature
106038,Literature
106056,Literature
106101,Literature
106191,Literature
106254,Literature
106263,Literature
106299,Literature
106362,Literature
106452,Literature
106461,Other
106479,Literature
106506,Literature
106623,Literature
106686,Literature
106713,Literature
106731,Literature
106767,Literature
106803,Fine Arts
106821,Literature
106830,Literature
106839,Literature
106866,Literature
106893,Literature
106902,Literature
106911,Literature
106920,Literature
106947,Literature
106956,Literature
106965,Literature
106974,Literature
106983,Literature
106992,Literature
107001,Literature
107010,Literature
107019,Literature
107028,Literature
107037,Literature
107046,Literature
107055,Literature
107064,Literature
107073,Literature
107082,Literature
107091,Literature
107100,Literature
107109,Literature
107118,Literature
107127,Literature
107136,Literature
107145,Literature
107154,Literature
107163,Literature
107172,Literature
107181,Literature
107190,Literature
107199,Literature
107208,Literature
107217,Literature
107226,Literature
107253,Literature
107334,History
107406,Literature
107415,Literature
107469,Literature
107532,Literature
107595,Other
107604,Literature
107649,Literature
107721,Other
107730,Literature
107802,Literature
107820,Social Studies
107910,Literature
107982,Literature
108027,Literature
108045,Literature
108081,Literature
108099,Other
108126,Literature
108198,Literature
108207,Literature
108216,Literature
108225,Literature
108234,Literature
108243,Literature
108252,Literature
108261,Literature
108270,Literature
108279,Literature
108288,Literature
108297,Literature
108306,Literature
108315,Literature
108324,Literature
108333,Literature
108342,Literature
108351,Fine Arts
108360,Literature
108369,Literature
108378,Literature
108387,Literature
108396,Literature
108405,Literature
108450,Literature
108486,Literature
108504,Literature
108531,Literature
108549,Literature
108558,Literature
108765,Other
108783,Literature
108828,Literature
108837,Literature
108873,Literature
108927,Literature
108945,Literature
108972,Literature
108990,Literature
109008,Literature
109026,Literature
109035,Literature
109044,Literature
109107,Literature
109116,Fine Arts
109170,Literature
109179,Literature
109197,Literature
109260,Literature
109278,History
109503,Literature
109557,Literature
109566,Social Studies
109575,Literature
109584,Literature
109620,Literature
109845,Fine Arts
110043,Literature
110070,History
110088,Literature
110124,Literature
110160,Literature
110187,Literature
110196,Astronomy
110223,Literature
110241,Literature
110250,Literature
110268,Literature
110394,Literature
110457,Literature
110502,Literature
110547,Literature
110556,Literature
110565,Literature
110574,Literature
110610,Literature
110637,Literature
110655,Literature
110682,Literature
110709,Literature
110718,Literature
110727,Literature
110736,Literature
110835,Literature
110862,Literature
110898,Literature
110925,Literature
110934,Literature
110952,Literature
110979,Literature
111069,Literature
111078,Literature
111096,Literature
111105,Literature
111123,History
111132,Literature
111159,Literature
111168,Literature
111213,Literature
111294,Literature
111312,Literature
111384,Literature
111393,Literature
111411,Literature
111429,History
111906,Literature
111933,Literature
111996,Literature
112068,Fine Arts
112419,Literature
112455,Literature
112491,Literature
112527,Literature
112572,Literature
112599,Literature
112707,Literature
112716,Literature
112752,Literature
112761,Literature
112788,Literature
112806,Literature
112824,Literature
112842,History
112878,Literature
112896,Literature
112914,Fine Arts
112950,Literature
113031,Literature
113049,Literature
113085,Literature
113202,Literature
113229,Literature
113238,Literature
113247,Literature
113256,Literature
113265,Literature
113274,Fine Arts
113283,Literature
113292,Literature
113301,Literature
113310,Literature
113319,Literature
113328,Social Studies
113337,Literature
113346,Literature
113355,Literature
113364,Literature
113373,Literature
113382,Literature
113391,Literature
113400,Literature
113409,Literature
113418,Literature
113427,Literature
113436,Literature
113454,Literature
113463,Other
113472,Other
113481,History
113490,History
113517,Fine Arts
113526,Literature
113634,Literature
113670,Literature
113706,Literature
113724,Social Studies
113733,Literature
113751,Literature
113805,Fine Arts
113814,Literature
113886,Literature
113904,Literature
113967,Literature
114093,Literature
114417,Literature
114462,Literature
114498,Literature
114552,History
114606,Literature
114642,Literature
114651,Literature
114696,Literature
114795,Literature
114813,Literature
114831,Literature
114840,Social Studies
114858,Literature
114876,Literature
114885,Literature
115191,Literature
115209,Literature
115236,Literature
115335,Literature
115344,Literature
115371,Literature
115389,Literature
115398,Literature
115443,Literature
115470,Literature
115488,Literature
115497,Literature
115524,Literature
115551,Literature
115623,Literature
115650,Literature
116226,Literature
116253,Literature
116316,Literature
116343,Literature
116352,Literature
116370,Literature
116379,Literature
116388,Literature
116406,Literature
116415,Fine Arts
116460,Social Studies
116514,Literature
116532,Literature
116577,Other
116685,Literature
116694,Literature
116703,Literature
116721,Literature
116730,Literature
116739,Literature
116748,Literature
116757,Literature
116766,Other
116775,Literature
116784,Literature
116793,Literature
116802,Literature
116811,Literature
116820,Literature
116829,Literature
116838,Literature
116847,Literature
116856,Literature
116865,Literature
116874,Other
116883,Literature
116892,Literature
116901,Literature
116910,Literature
116919,Literature
116928,Literature
116937,Other
116946,Literature
116955,Literature
116964,Literature
116973,Literature
116982,Literature
116991,Literature
117000,Literature
117009,Literature
117018,History
117027,Literature
117036,Literature
117045,Literature
117099,History
117135,Literature
117144,Literature
117207,Literature
117270,Literature
117279,Literature
117288,Literature
117324,Literature
117333,Literature
117369,Literature
117423,Fine Arts
117432,Literature
117468,Literature
117495,Literature
117558,Literature
117594,Literature
117603,Literature
117675,Fine Arts
117702,Literature
118170,Literature
118314,History
118341,Literature
118404,Literature
118467,Literature
118512,Literature
118539,Fine Arts
118548,Social Studies
118557,Literature
118566,Fine Arts
118611,Other
118656,Literature
118683,Social Studies
118710,Literature
118728,Literature
118746,Other
118782,Literature
118791,Literature
118827,Literature
118863,Literature
118998,Literature
119007,Literature
119034,Social Studies
119052,Literature
119079,Literature
119115,Literature
119268,Literature
119313,Literature
119322,Literature
119367,Literature
119403,Literature
119439,Literature
119466,Literature
119502,Literature
119520,Social Studies
119529,Literature
119556,Literature
119574,Literature
119601,Literature
119610,Literature
119637,Literature
119646,Literature
119772,Literature
119781,Social Studies
119799,Literature
119826,Literature
120087,Literature
120123,Literature
120132,Literature
120150,Literature
120159,Literature
120168,Fine Arts
120204,Fine Arts
120213,Literature
120222,Literature
120240,Literature
120258,Literature
120294,Literature
120312,Literature
120339,Literature
120357,Literature
120384,Literature
120411,Literature
120420,Literature
120438,Literature
120501,Social Studies
120519,Literature
120573,Literature
120627,Literature
120672,Other
120681,Literature
120771,Literature
120789,Literature
120798,Literature
120807,Literature
120816,Literature
120825,Literature
120834,Literature
120843,Literature
120852,Literature
120861,Literature
120870,Literature
120879,Literature
120888,Literature
120897,Literature
120906,Literature
120915,Literature
121203,Literature
121212,Literature
121248,Literature
121257,Literature
121275,Literature
121293,Literature
121302,Literature
121311,Literature
121329,Literature
121365,Literature
121374,Literature
121383,Literature
121392,Literature
121401,Literature
121410,Literature
121419,Literature
121428,Literature
121437,Literature
121446,Literature
121455,Literature
121464,Literature
121473,Literature
121482,Literature
121491,Literature
121500,Literature
121509,Literature
121518,Literature
121527,Literature
121536,Literature
121545,Literature
121554,Literature
121563,Literature
121617,Other
121626,Literature
121662,Literature
121680,History
121689,Literature
121707,Fine Arts
121770,Literature
121842,Literature
121860,Literature
121959,Fine Arts
121977,Literature
122013,Literature
122040,Literature
122049,Fine Arts
122121,Literature
122130,History
122193,Fine Arts
122202,Literature
122598,Fine Arts
122616,Literature
122625,Literature
122643,Literature
122715,Literature
122742,Literature
122796,Literature
122832,Literature
122859,Literature
122886,Literature
122922,Literature
122958,Literature
122985,Literature
123084,Literature
123093,Literature
123147,Literature
123165,Literature
123201,Literature
123219,Literature
123255,Literature
123291,Literature
123318,Literature
123354,Literature
123363,Literature
123426,Literature
123462,Literature
123471,Literature
123489,Literature
123588,Literature
123714,Literature
123732,Literature
123741,Literature
123759,Literature
123795,Literature
123804,Literature
123885,Literature
106560,Other
114777,Science
106605,Physics
114849,Mathematics
123111,Mathematics
123750,Science
115578,Mathematics
115614,Mathematics
115677,Mathematics
115749,Mathematics
117612,Mathematics
102600,Science
116001,Mathematics
107865,Mathematics
116082,Other
9693,Fine Arts
108000,Mathematics
9702,Biology
9711,Mathematics
9720,Mathematics
9729,Chemistry
9738,Literature
9747,Astronomy
9756,Other
116262,Mathematics
9774,Chemistry
9783,Mathematics
9792,Mathematics
9801,Other
9810,Physics
9819,Mathematics
9828,Mathematics
116325,Mathematics
9837,Mathematics
9846,Mathematics
9864,Mathematics
9873,Mathematics
9882,Mathematics
9891,Mathematics
9900,Mathematics
116397,Mathematics
9909,Mathematics
9918,Literature
9927,Mathematics
9936,Mathematics
9945,Other
9954,Physics
9963,Mathematics
9972,Mathematics
9855,Mathematics
9981,Mathematics
9990,Chemistry
116487,Mathematics
9999,Mathematics
10008,Mathematics
10017,Science
10026,Mathematics
10035,Mathematics
10044,Mathematics
10053,Mathematics
10062,Mathematics
10071,Mathematics
10080,Science
10089,Mathematics
116712,Mathematics
108918,Mathematics
109017,Mathematics
100854,Mathematics
117477,Fine Arts
117549,Mathematics
10098,Mathematics
109854,Social Studies
118125,Mathematics
109935,Mathematics
118143,Mathematics
110061,Chemistry
110295,Mathematics
110331,Mathematics
102168,Mathematics
110439,Mathematics
118836,Mathematics
102492,Mathematics
118881,Mathematics
119025,Mathematics
102699,Mathematics
119142,Mathematics
119304,Mathematics
103041,Mathematics
103050,Mathematics
111267,Mathematics
103635,Literature
112023,Mathematics
103923,Mathematics
112140,Chemistry
120609,Social Studies
104238,Chemistry
104544,Mathematics
112869,Physics
121131,Mathematics
9765,Social Studies
113112,Other
113175,Mathematics
105012,Mathematics
105147,Other
105228,Mathematics
113661,Science
121905,Physics
122211,Mathematics
106227,Mathematics
114480,Mathematics
103743,Physics
122814,Mathematics
114660,Mathematics
7353,Literature
7362,Social Studies
7371,Other
7380,History
7389,History
7398,History
7407,History
7416,Literature
7425,Fine Arts
7434,Social Studies
7443,Fine Arts
7452,Physics
7461,Fine Arts
7470,Literature
7479,Social Studies
7488,Social Studies
7497,Other
7506,Literature
7515,Literature
7524,Mathematics
7533,Social Studies
7542,Other
7551,Fine Arts
7560,Geography
7569,History
7578,Fine Arts
7587,Other
7596,Other
7605,Other
7614,Fine Arts
7623,Fine Arts
7632,Other
7641,Mathematics
7650,Social Studies
7659,Other
7668,Fine Arts
7677,Other
7686,Other
7695,Other
7704,Other
7713,Literature
7722,Literature
7731,Fine Arts
7740,Other
7749,Fine Arts
7758,Literature
7767,Fine Arts
7776,Social Studies
7785,Other
7794,Other
7803,Literature
7812,Other
7821,Other
7830,Literature
7839,Literature
7848,Literature
7857,Literature
7866,Fine Arts
7875,Other
7884,Other
7893,Other
7902,Literature
7911,Other
7920,Other
7938,Social Studies
7947,Other
7929,Other
189243,Other
189378,Other
190215,Other
190629,History
190647,Literature
190944,Geography
190962,Literature
190998,History
191025,Other
191070,Other
191151,Literature
191178,History
191214,Geography
191223,Other
191241,Other
191502,Literature
192096,History
192141,Literature
192510,Literature
192546,History
192951,History
192969,Other
193536,History
193599,Physics
193662,History
193680,Literature
193797,Literature
193851,Fine Arts
193905,History
193950,History
193986,History
194031,Other
194094,History
194157,History
194175,Other
194220,History
194274,History
194427,History
194526,Literature
194553,History
194769,History
194841,Literature
194877,Fine Arts
194958,History
194985,History
195021,History
195120,History
195156,History
195174,Literature
195210,Other
195273,History
195300,History
195372,Literature
195417,Biology
195525,Literature
195561,Literature
195570,Social Studies
195696,History
195705,History
195732,History
195831,Literature
195849,Literature
195885,Physics
196119,Fine Arts
196128,Fine Arts
196137,Physics
196272,History
196326,History
196344,History
196479,Other
196749,Literature
196866,History
196974,Other
197127,History
197136,Science
197190,History
197442,History
197451,Fine Arts
197613,History
197658,History
197730,History
197775,History
197910,Science
197937,History
198072,Literature
198090,History
198135,History
198171,Science
198189,History
198351,History
198432,Fine Arts
198567,History
100008,Literature
100017,Literature
100026,Other
100035,Other
100044,Other
100053,Other
100062,Other
100071,Other
100080,Other
100089,Other
100098,Literature
100107,Other
100116,Other
100125,Other
100134,Other
100143,Literature
100152,Literature
100161,Literature
100170,Other
100179,Literature
100188,Other
100197,Other
100206,Other
100215,Other
100224,Other
100233,Literature
100242,Other
100251,Other
100260,Other
100269,Other
100278,Literature
100287,Other
100296,Other
100305,Fine Arts
100314,Other
100323,Fine Arts
100332,Other
100341,Other
100350,Other
100359,Other
100368,Other
100377,Other
100386,Other
100395,Literature
100404,Other
100413,Fine Arts
100422,Literature
100431,Other
100440,Other
100449,Other
100458,Other
100467,Other
100476,Other
100485,Other
100494,Other
100503,Other
100512,Other
100521,Other
100530,Other
100539,Other
100548,Other
100557,Other
100566,Other
100575,Other
100584,Other
100593,Other
100602,Other
100611,Other
100620,Other
100629,Other
100638,Other
100647,Other
100656,Other
100665,Other
100674,Other
101025,Other
101394,Other
101691,Other
101700,Fine Arts
101709,Literature
101718,Other
101727,Other
101736,Fine Arts
101745,Other
101754,Other
101763,Literature
101772,Literature
101781,Literature
101790,Other
101799,Literature
101808,Literature
101817,Other
101826,Other
101835,Other
101844,Literature
101970,Other
102024,Other
102267,Literature
102294,Other
102357,Other
102393,Other
102402,Other
102789,Other
102870,Other
102924,Literature
103500,Other
103509,Fine Arts
103572,Other
103851,Fine Arts
103869,Other
103932,Other
103950,Other
104193,Literature
104742,Other
104976,Other
105120,Other
105282,Other
105408,Other
105516,Fine Arts
105525,Other
105534,Other
106020,Other
106155,Fine Arts
106218,Other
106317,Other
106344,Fine Arts
106443,Other
106524,Other
106776,Other
107289,Social Studies
107712,Other
108036,Other
108153,Other
108675,Social Studies
108756,Other
109602,Other
109908,Literature
110304,Other
110691,Other
110772,Other
111033,Other
111276,Other
111870,Fine Arts
112095,Fine Arts
112149,History
112185,Other
112194,Fine Arts
112203,Other
112212,Other
112221,Other
112230,Other
112239,Other
112248,Other
112257,Literature
112266,Other
112275,Other
112284,Other
112293,Literature
112302,Other
112311,Other
112320,Other
112329,Other
112338,Other
112347,Other
112356,Other
112365,Other
112374,Other
112437,Other
113040,Other
113058,History
113067,Other
113130,Literature
113499,Literature
113508,Literature
113535,Literature
113553,Other
113589,Literature
113652,Other
114075,Other
114786,Literature
114930,Literature
115218,Other
115452,Other
115641,Other
115767,Literature
116091,Literature
116100,Other
116217,Other
116442,Literature
116541,Other
116595,Fine Arts
117063,Mathematics
117585,Other
117621,Other
118386,Other
118440,Other
118458,Other
118935,Other
118962,Other
119187,Other
120330,Other
120735,Other
121581,Other
121599,Other
121734,History
122004,Other
122517,Fine Arts
122688,Literature
122751,Literature
122994,Other
123003,Fine Arts
123570,Fine Arts
123768,Other
123813,Fine Arts
106515,Astronomy
106551,Chemistry
114750,Physics
114804,Physics
106668,Mathematics
123057,Physics
106677,Physics
114948,Physics
122850,Science
118872,Physics
123453,Physics
123543,Physics
123642,Physics
107352,Chemistry
115659,Social Studies
107559,Chemistry
107694,Physics
115992,Physics
107811,Chemistry
116028,Physics
116037,Physics
107901,Physics
107937,Astronomy
107955,Physics
108009,Chemistry
116208,Physics
108063,Physics
121779,Science
109494,Physics
116307,Physics
108162,Physics
116424,Physics
10107,Astronomy
10116,Astronomy
10125,Physics
10134,Physics
10143,Physics
10152,Physics
10161,Chemistry
10170,Chemistry
108477,Physics
10179,Physics
10188,History
10197,Physics
10206,Physics
10215,Chemistry
10224,Physics
10233,Social Science
108540,Physics
10242,Literature
10251,Physics
10260,Physics
10269,Physics
10278,Physics
10287,Physics
10296,Chemistry
10305,Fine Arts
10314,Physics
10323,Physics
10332,Physics
10341,Physics
10350,Physics
10359,Physics
10368,Physics
10377,Astronomy
10386,Physics
10395,Physics
10404,Physics
10413,Physics
10422,Physics
10431,Physics
10440,Physics
10449,Physics
10458,Physics
10467,Physics
10476,Physics
10485,Physics
10494,Physics
10503,Physics
10512,Physics
10521,Physics
10530,Physics
10539,Chemistry
10548,Physics
10557,Physics
10566,Physics
10575,Physics
10584,Physics
10593,Physics
10602,Chemistry
10611,Chemistry
10620,Physics
10629,Physics
10638,Physics
10647,Physics
10656,Physics
10665,Physics
10674,Physics
10683,Physics
10692,Physics
10701,Physics
10710,Physics
10719,Physics
10728,Physics
109125,Physics
120591,Physics
117378,Physics
109224,Chemistry
109242,Physics
109350,Social Studies
101160,Chemistry
117567,Physics
117576,Physics
109395,Physics
109431,Physics
117711,Science
101412,Physics
116604,Physics
118026,Physics
116622,Physics
118116,Physics
118161,Fine Arts
101862,Physics
101871,Physics
118269,Astronomy
118278,Physics
110142,Chemistry
110178,Physics
105750,Science
122148,Physics
118503,Physics
110403,Physics
118602,Physics
102222,Physics
110421,Physics
118755,Physics
118764,Chemistry
102501,Physics
118980,Science
110817,Mathematics
119097,Physics
110997,Chemistry
111042,Physics
119259,Physics
119295,Physics
102915,Physics
102933,Physics
111195,Physics
111240,Physics
103131,Physics
119583,Physics
111420,Physics
119709,Physics
119745,Science
119862,Physics
119871,Physics
103608,Science
108747,Physics
111888,Physics
121068,Physics
103887,Physics
120366,Physics
104139,Physics
121122,Physics
120618,Physics
112473,Physics
104319,Physics
120717,Other
112554,Physics
104409,Physics
104436,Earth Science
112671,Physics
112743,Physics
104661,Physics
121059,Social Studies
104688,Physics
104760,Physics
121158,Physics
102114,Physics
104805,Physics
104886,Physics
113148,Physics
105111,Chemistry
105165,Physics
121698,Fine Arts
105345,Science
100845,Physics
105372,Chemistry
121878,Chemistry
121923,Physics
105543,Physics
121932,Physics
113742,Physics
113823,Science
105723,Fine Arts
122112,Physics
113985,Physics
105849,Physics
121914,Mathematics
122787,Physics
105984,Physics
122481,Physics
106164,Physics
122841,Astronomy
106380,Physics
114615,Physics
196632,Mathematics
196677,Astronomy
196695,Chemistry
197991,Science
196848,Biology
196920,Physics
196938,Physics
196956,Science
196965,Physics
197001,Biology
197019,Science
197064,Chemistry
197145,Science
197172,Chemistry
197280,Social Studies
197334,Science
189171,Mathematics
197397,Science
197460,Science
189270,Science
189288,Science
189324,Science
189369,Science
197577,Science
197586,Science
189414,Physics
189432,Science
189459,Other
189468,Fine Arts
189486,Astronomy
189504,Science
197766,Chemistry
189576,Biology
189585,Chemistry
197793,Physics
189612,Physics
197838,Social Studies
197874,Science
197883,Biology
197892,Science
189747,Science
197964,Physics
197973,Science
189810,Physics
198054,Chemistry
198081,Chemistry
198117,Science
189927,Mathematics
189990,Astronomy
198225,Science
190035,Science
198243,Science
190080,Science
198279,Biology
190161,Chemistry
198360,Physics
190197,Science
190206,Science
198405,Chemistry
190233,Chemistry
190269,Science
190332,Physics
190359,Chemistry
198558,Science
190377,Physics
198576,Science
190395,Science
190413,Geography
198630,Science
198639,Social Studies
190449,Science
190557,Fine Arts
190620,Science
190665,Fine Arts
190764,Science
190782,Science
190791,Physics
190800,Geography
190836,Physics
190917,Social Science
190926,Fine Arts
190980,Science
191016,Science
191034,Geography
191052,Science
191061,Chemistry
191088,Science
191106,Fine Arts
191232,Science
191250,Science
191259,Science
191322,Science
191331,Chemistry
191349,Geography
191394,Astronomy
191529,Chemistry
191592,Physics
191601,Biology
191700,Biology
191718,Physics
191790,Biology
191799,Physics
191925,Biology
191943,Physics
191952,Biology
191979,Science
191988,Physics
192042,Science
192087,Physics
192195,Fine Arts
192258,Science
192303,Biology
192321,Science
192357,Biology
192402,Science
192528,Physics
192645,Science
192672,Physics
198684,Science
192699,Science
192744,Chemistry
192753,Physics
192834,Science
192897,History
192933,Physics
192960,Science
193392,Astronomy
193482,Science
193563,Chemistry
193581,Chemistry
193626,Physics
193698,Biology
193716,Fine Arts
193734,Other
193815,Physics
193878,Science
193896,Science
193923,Science
193932,Science
193968,Science
194022,Biology
194085,Literature
194256,Science
194265,Science
194319,Biology
194346,Biology
194463,Other
194472,Science
194598,Biology
194796,Science
194832,Biology
194940,Physics
194976,Other
195003,Other
195084,Biology
195165,Chemistry
195192,Chemistry
195228,Mathematics
195255,Science
195345,Physics
195381,Chemistry
195489,Biology
195507,Mathematics
195534,Science
195633,Chemistry
195678,Chemistry
195687,Biology
195714,Chemistry
195768,Science
195786,Physics
195804,Chemistry
196155,Biology
197901,Science
196254,Physics
196281,Mathematics
196335,Biology
196461,Science
196641,Social Studies
196668,Social Studies
196767,Other
196785,History
196812,History
196893,Social Science
196902,Social Science
196911,Social Studies
198027,Social Studies
197037,Social Studies
197082,Literature
197118,Social Studies
197208,Social Studies
197262,Social Science
197298,Social Studies
197307,Social Studies
197316,Science
197352,Science
197370,Social Science
189180,Literature
189207,Social Science
189234,Social Studies
189315,Social Science
189387,Social Science
189396,Social Science
197685,Social Studies
189513,Social Studies
197757,Literature
197784,Social Science
197829,Social Studies
189639,Social Studies
189657,Social Studies
197856,History
189675,Fine Arts
189684,Social Science
189702,Social Studies
189738,Literature
197982,Social Studies
189828,History
198162,Social Studies
198180,Social Science
189999,Literature
190017,Social Studies
190026,Fine Arts
190062,Social Science
190089,Literature
198288,Social Studies
190143,Social Studies
190152,History
190296,History
190314,Astronomy
198513,Science
190341,Social Studies
198549,Social Studies
190404,Literature
198306,Social Studies
190422,Social Science
198648,Social Studies
198657,Social Studies
198666,Social Science
190485,Literature
198324,Social Studies
190611,Literature
198387,Social Studies
190683,Social Studies
190746,Social Science
190755,Literature
197847,Social Studies
190827,History
190899,Fine Arts
191043,Literature
191115,Literature
191124,Social Studies
191169,Social Studies
191295,Science
191313,Fine Arts
191412,Science
191511,Social Studies
191520,Fine Arts
191574,Social Studies
191583,History
191610,Fine Arts
191637,Social Studies
191754,History
191772,History
191808,Social Studies
191826,Social Studies
191871,Biology
191880,Social Studies
191889,Social Studies
191961,Social Studies
191970,Social Studies
191997,Fine Arts
192069,Social Science
192105,Social Science
192159,History
192177,Social Studies
192231,Literature
192249,Social Science
192267,History
192285,Social Studies
192339,Social Science
192375,Literature
192384,History
192474,History
192573,Fine Arts
192591,Other
192618,Literature
192654,History
192663,Social Studies
192708,Literature
192726,Biology
192762,Literature
198702,Biology
192879,Fine Arts
192942,Literature
193446,Social Science
193491,Social Science
193500,Social Studies
193509,Literature
193608,Fine Arts
193635,Social Studies
193689,Literature
193707,Social Studies
193743,Fine Arts
193752,Literature
193788,Social Science
193806,Fine Arts
193869,Science
193887,Literature
193941,Social Science
193995,Social Studies
194067,Social Science
194193,Biology
194238,Social Science
194364,Science
194445,Social Studies
194454,Social Studies
194499,Biology
194580,Literature
194616,Social Studies
194634,Literature
194679,Literature
194688,Mathematics
194706,Social Studies
194733,Literature
194742,Social Studies
194751,Social Studies
194886,Social Studies
194922,Literature
195147,Social Studies
195183,Social Studies
195246,Literature
195399,Social Studies
195435,Physics
195453,History
195471,Social Studies
195516,History
195579,Social Studies
195606,Literature
195615,Literature
195660,Social Studies
195723,Social Studies
195750,Literature
195795,Literature
195867,Social Studies
195876,Social Studies
196110,Physics
196146,Social Studies
196191,History
196236,History
197919,Social Studies
196299,Social Studies
196434,History
196497,Social Studies
196515,Literature
196524,Fine Arts
196551,Social Studies
196569,Social Studies
10962,Social Studies
13104,Social Studies
109296,Fine Arts
11007,Social Studies
11025,Social Studies
11169,Social Studies
109476,History
109485,Social Studies
11241,Literature
11250,Social Studies
11259,Social Studies
11268,History
11313,Social Studies
100701,Social Studies
100800,Social Studies
100881,Social Studies
100899,Social Studies
100917,Social Studies
100944,Social Studies
100962,Social Studies
100971,Social Studies
101016,History
101043,Fine Arts
101070,Social Studies
101115,Social Studies
101178,Social Studies
101214,Social Studies
101259,Social Studies
101268,Earth Science
101277,Earth Science
104265,Fine Arts
101304,Literature
101367,Social Studies
101403,Social Studies
101421,Social Studies
109818,Social Studies
101880,Literature
101889,History
101925,Geography
102060,Geography
102123,Geography
102132,History
102186,History
102204,History
109881,Literature
109890,Physics
102303,Social Studies
102384,Social Studies
102447,Social Studies
102519,Social Studies
102537,Social Studies
102546,History
102645,Literature
102681,Literature
11655,Literature
102708,Social Studies
102726,Literature
102753,Fine Arts
102771,Social Studies
102780,Social Studies
102816,Social Studies
102834,History
102843,Social Studies
102906,Social Studies
110358,Social Studies
102978,Social Studies
110016,Literature
103059,Literature
103068,Social Studies
103122,Social Studies
103149,History
103158,Biology
103176,Social Studies
103185,Other
103212,Social Studies
103320,Literature
103401,Social Studies
110079,Social Studies
103428,Social Studies
103482,Social Studies
110106,Social Studies
103626,Mathematics
103644,Social Studies
103662,Social Studies
103680,Social Studies
103716,Social Studies
110133,Social Studies
103761,Social Studies
103815,Fine Arts
110151,Social Studies
110169,Social Studies
103977,Social Studies
103995,History
104049,History
104157,Social Studies
11916,Social Studies
104382,History
104445,Social Studies
104454,Social Studies
104481,Social Studies
104553,Fine Arts
104571,Fine Arts
104625,Social Studies
104679,Literature
104724,Social Studies
104769,Social Studies
104796,Geography
104823,History
104832,Social Science
104877,History
104904,Social Studies
104913,Geography
104940,Social Studies
104949,Social Studies
104985,History
105003,Literature
111519,Social Studies
105039,Social Science
105057,Social Studies
106065,Social Studies
105084,Fine Arts
105093,Social Studies
105138,Social Studies
105174,Social Studies
105354,Social Studies
105363,Literature
105399,Social Studies
110412,Social Studies
105426,Social Studies
105453,Literature
105552,Social Studies
111537,Social Studies
105570,Other
105597,History
105606,Social Studies
105624,Social Studies
110448,Social Studies
105714,Other
105759,Social Studies
105777,Social Studies
105795,Social Studies
12177,Social Studies
105858,Literature
105921,History
105948,Social Studies
106002,Literature
110511,Social Studies
106047,History
110520,Social Studies
106074,Social Studies
106128,History
106146,Fine Arts
106173,Chemistry
106290,Social Studies
106326,Social Studies
106335,Social Studies
106470,Literature
106488,Social Studies
106533,Social Studies
106569,Social Studies
106650,Social Studies
106695,Social Studies
106704,Literature
110628,Fine Arts
106740,Social Studies
106749,Social Studies
106785,Social Studies
106848,Literature
12348,Literature
106884,Social Studies
106938,Fine Arts
107262,Literature
107298,Social Studies
107316,Social Studies
107325,Social Studies
107343,Social Studies
107379,Social Studies
107388,Social Studies
107451,Social Studies
107613,Social Studies
107658,History
107667,Social Studies
107685,Social Studies
107703,Social Studies
107829,History
107928,Social Studies
12528,Social Studies
107946,Literature
12537,Social Studies
12600,Social Studies
108441,Social Studies
108468,History
108495,Social Studies
108522,History
108594,Social Studies
108621,Literature
108630,Social Studies
108639,Social Studies
108648,Social Studies
108666,History
108711,Social Studies
108738,Astronomy
108819,Social Studies
108864,Social Studies
108900,Fine Arts
108936,Social Studies
108963,Fine Arts
10737,Social Studies
10746,Social Studies
10755,Chemistry
10764,History
10773,Fine Arts
10782,Social Studies
10791,Social Studies
10800,Fine Arts
10809,Social Studies
10818,Social Studies
10827,Social Studies
10845,Social Studies
10854,Literature
10863,Literature
10872,Social Studies
10881,Social Studies
10890,Literature
10899,Literature
10908,Social Studies
10917,Social Studies
10926,Social Studies
109233,Fine Arts
10935,Social Studies
10944,Literature
10953,Literature
10971,Social Studies
10980,Social Studies
109287,Literature
10989,Social Studies
10998,Social Studies
109305,Social Studies
11016,Social Studies
11034,Social Studies
109341,Social Studies
11043,Social Studies
11052,Social Studies
11061,Geography
11070,History
11079,Social Studies
11088,Fine Arts
11097,Social Studies
11106,Social Studies
11115,Social Studies
11124,Social Studies
11133,Social Studies
11142,Fine Arts
11151,Social Studies
11160,Social Studies
11178,Social Studies
11187,Social Studies
11196,Social Studies
11205,Social Studies
11214,Social Studies
109521,Social Studies
11223,Earth Science
11232,Earth Science
11277,Social Studies
11286,Geography
11295,History
11304,History
11322,Social Studies
11331,Social Studies
109638,Social Studies
11340,Literature
11349,Social Studies
11358,History
11367,Fine Arts
11376,Geography
11385,Social Studies
11394,Social Studies
11403,Social Studies
11412,Social Studies
11421,Social Studies
11430,Social Studies
11439,Social Studies
11448,Social Studies
11457,Social Studies
11466,Social Studies
11475,Geography
11484,Geography
11493,History
11502,Social Studies
11511,Social Studies
11520,Fine Arts
11529,Social Studies
11538,Social Studies
11547,Social Studies
11556,Social Studies
11565,Literature
11574,History
11583,Social Studies
11592,Social Studies
11601,History
11610,Social Studies
11619,Social Studies
11628,Social Studies
11637,Social Studies
11646,Social Studies
11664,Social Studies
109971,Social Studies
11673,Social Studies
109980,Literature
11682,Social Studies
11691,Social Studies
109998,Social Studies
11700,Social Studies
110007,Social Studies
11709,Social Studies
11718,Social Studies
11727,Social Studies
11745,Social Studies
11754,Literature
11763,Social Studies
11772,Social Studies
11781,Social Studies
11790,Literature
11799,Social Studies
11808,Social Studies
11817,Social Studies
11826,Social Studies
11835,Social Studies
11844,Literature
11853,Social Studies
11862,Literature
11871,Social Studies
11880,Social Studies
11889,Social Studies
11898,Social Studies
11907,Literature
11925,History
11934,Social Studies
11943,Social Studies
11952,Social Studies
11961,Social Studies
11970,Social Studies
11979,Social Studies
11988,Social Studies
11997,Social Studies
12006,Social Studies
12015,Social Studies
12024,Social Studies
12033,Social Studies
12042,Social Studies
12051,Literature
12060,Social Studies
12069,Social Studies
12078,Social Studies
12087,Social Studies
12096,Social Studies
12105,Social Studies
12114,Fine Arts
12123,Social Studies
12132,Social Studies
12141,Social Studies
12150,Literature
12159,Social Studies
12168,Social Studies
12186,Social Studies
12195,Social Studies
12204,Social Studies
12213,Other
12222,Literature
110529,Social Studies
12231,Social Studies
12240,Social Studies
12249,Social Studies
12258,Social Studies
12267,Astronomy
12276,Social Studies
12285,Social Studies
110592,Geography
12294,Social Studies
12303,Fine Arts
12312,Fine Arts
12321,Literature
12330,History
12339,History
12357,Social Studies
12366,Social Studies
110673,Social Studies
12375,Literature
12384,Social Studies
12393,Social Studies
12402,Literature
12411,Literature
12420,Literature
12429,Literature
12438,Social Studies
110745,Social Studies
12447,Literature
110754,History
12456,History
12465,Social Studies
12474,Literature
12483,History
12492,Social Studies
12501,Earth Science
12510,Fine Arts
12519,Social Studies
110826,Social Studies
110844,Social Studies
12546,Social Studies
12555,Social Studies
12564,Social Studies
12573,Social Studies
12582,Social Studies
12591,Fine Arts
12609,Social Studies
110916,Social Science
12618,Social Studies
12627,Social Studies
12636,Social Studies
12645,Literature
12654,Social Studies
12663,Literature
110970,Social Studies
12672,Social Studies
12681,Social Studies
12690,Social Studies
12699,Social Studies
111006,Social Studies
12708,Social Studies
111015,Social Studies
12717,Literature
111024,Social Studies
12726,Social Studies
12735,Literature
12744,Literature
12753,Literature
12762,Fine Arts
12771,Literature
12780,Literature
12789,Social Studies
12798,Social Studies
12807,Social Studies
12816,Social Studies
12825,Social Studies
12834,Social Studies
12843,Social Studies
12852,Social Studies
12861,Literature
12870,Social Studies
12879,Social Studies
12888,Fine Arts
12897,Fine Arts
12906,Social Studies
12915,Social Studies
111222,Fine Arts
12924,Fine Arts
12933,Social Studies
12942,Social Studies
12951,History
12969,Social Studies
12978,Literature
12987,Literature
12996,Fine Arts
13005,Social Studies
13014,Literature
13023,Social Studies
13032,Social Studies
13041,Social Studies
13050,Social Studies
111357,Social Studies
13059,Fine Arts
13068,Social Studies
13077,Social Studies
13086,Literature
13095,Literature
13113,Social Studies
13122,Social Studies
13131,Social Studies
13140,Literature
13149,Social Studies
13158,Literature
13167,Social Studies
111474,Social Studies
13176,Literature
13194,Social Studies
13203,Social Studies
13212,Social Studies
13221,Geography
13230,Social Studies
13239,Social Science
13248,Social Studies
111573,Social Studies
111582,Literature
13284,Social Studies
111591,Social Studies
111600,Social Studies
111618,Social Studies
111627,Social Studies
111636,Social Studies
111654,Literature
111663,Social Studies
111708,Literature
111465,Social Studies
111483,Social Studies
13185,Social Studies
111492,Social Studies
111924,Geography
111501,Social Studies
111960,Social Studies
111969,Social Studies
111987,Social Studies
111510,Social Studies
112014,Fine Arts
112032,Geography
112041,Social Studies
112104,Earth Science
111528,Literature
112158,Social Studies
112167,History
112176,Fine Arts
111546,Social Studies
111555,Social Studies
13257,Literature
111564,Fine Arts
13266,Social Studies
112410,Social Studies
13275,Social Studies
106119,Social Studies
112482,Literature
112500,Other
112518,Fine Arts
13293,Social Studies
112536,Social Studies
112545,Social Studies
112563,Fine Arts
13302,Social Studies
111609,Other
112617,Social Studies
112644,Social Studies
112680,Literature
112689,Social Studies
112725,Social Studies
112797,Social Studies
111645,Literature
112887,Social Studies
112959,Social Studies
112968,Literature
112995,Mathematics
113076,Social Studies
113103,Social Studies
106245,History
113193,Social Studies
113544,Astronomy
113562,Literature
113598,History
113688,History
113778,Social Studies
106353,Social Studies
113841,Geography
113850,Social Studies
113859,Social Studies
113940,Social Studies
113958,Social Studies
113994,Social Studies
114003,Social Studies
114039,Social Studies
114057,Social Studies
114066,Social Studies
114111,Social Studies
114120,Social Studies
111879,History
114408,Geography
114426,History
111915,Social Studies
114489,History
114534,Literature
114543,History
114561,Geography
114570,Literature
117405,Literature
114714,Fine Arts
114768,Social Studies
114975,History
114984,Social Studies
115011,Social Studies
115020,Geography
115029,Social Studies
115038,Social Studies
115047,Fine Arts
115056,Fine Arts
115065,Social Studies
115074,Geography
115083,Literature
115092,History
115101,Social Studies
115110,Geography
115119,Geography
115128,Social Studies
115137,Social Studies
115146,Social Studies
115245,Social Studies
115254,Mathematics
115281,Social Studies
112059,Fine Arts
115326,Literature
115407,Social Studies
115425,Fine Arts
115434,Social Studies
115668,Literature
115731,Social Studies
115740,Social Studies
115776,Social Studies
116055,Mathematics
116073,Fine Arts
116181,Fine Arts
116244,Social Studies
116280,Social Studies
116298,Social Studies
116361,Social Studies
116433,Social Studies
116505,Geography
116559,Literature
116586,Social Studies
116631,Social Studies
116640,Chemistry
117171,Literature
117180,Literature
117198,Social Studies
117297,Social Studies
117315,Social Studies
117342,Geography
117351,Literature
117360,Other
117414,Mathematics
117441,Fine Arts
117513,Other
117648,History
117693,Fine Arts
117729,Social Studies
117738,Social Studies
117747,Fine Arts
117756,Social Studies
117765,Social Studies
117774,Social Studies
117783,Social Studies
117792,Social Studies
117801,Social Studies
117810,Social Studies
117819,Social Studies
117828,Fine Arts
117837,Social Studies
117846,Social Studies
117855,Literature
117864,Literature
117873,Social Studies
117882,Social Studies
117891,Social Studies
117900,Social Studies
117909,Social Studies
117918,Social Studies
117927,Social Studies
117936,Social Studies
117945,Literature
117954,Other
117963,Literature
117999,Social Studies
118017,Chemistry
118044,Social Studies
118071,Fine Arts
118080,Social Studies
118179,Social Studies
118188,Social Studies
118224,History
118233,Literature
118323,Fine Arts
118350,Social Studies
118359,Social Studies
118368,Other
118377,Social Studies
118413,Social Studies
118422,Literature
118494,Social Studies
118521,Social Studies
118575,Social Studies
118584,Social Studies
118674,Social Studies
118719,Literature
118773,Geography
118800,Social Studies
118908,Social Studies
118917,Social Studies
119016,Fine Arts
119070,Social Studies
119151,Fine Arts
119169,Other
119214,History
119250,Mathematics
119286,Fine Arts
119331,Geography
119340,Earth Science
119394,Social Studies
119421,Social Studies
119484,Fine Arts
119682,Social Studies
119691,Social Studies
119754,Social Studies
119817,Social Studies
112815,Chemistry
119844,Social Studies
120303,Social Studies
120321,Social Studies
120348,Social Studies
101979,Fine Arts
120375,Social Studies
120465,Biology
120483,Social Studies
120528,Fine Arts
120555,Social Studies
102033,Social Studies
120699,Social Studies
120708,Social Studies
120744,Social Studies
120753,Literature
120924,Literature
120933,Social Studies
120942,Social Studies
120951,History
120960,Social Studies
120969,Social Studies
120978,Social Studies
120987,Fine Arts
120996,Fine Arts
121005,Social Studies
121014,Social Studies
121023,Geography
121032,Fine Arts
121041,History
121086,Social Studies
121104,Social Studies
121113,Social Studies
121239,Literature
121356,Social Studies
121608,Social Studies
121644,Social Studies
121716,Social Studies
121725,Literature
121743,Literature
121752,Literature
121815,Literature
121950,Social Studies
121986,Social Studies
122031,Social Studies
122058,Literature
122139,Social Studies
122166,Social Studies
102285,Fine Arts
122220,Social Studies
109917,Social Studies
122499,Social Studies
122508,Social Studies
122553,Social Studies
122607,Literature
122760,History
122823,Social Studies
123012,Fine Arts
123030,Social Studies
123048,Social Studies
11736,Social Studies
123156,Social Studies
123183,Social Studies
123192,Literature
123210,Geography
123273,Social Studies
123282,Geography
123309,Geography
123390,Social Studies
123399,Geography
123417,Social Studies
123444,Social Studies
123480,Social Studies
123561,Social Studies
123579,Social Studies
123597,Social Studies
123633,Social Studies
123651,Social Studies
123660,Social Science
123669,History
123723,Social Studies
123777,Social Studies
123840,Social Science
123894,Literature
123903,Fine Arts
111114,Geography
110034,Social Studies
108513,Literature
12960,Social Studies
111204,Literature
111231,Social Studies
111258,Social Studies
103581,Social Studies
103617,Physics
109098,Social Studies
10836,Social Studies
109152,Fine Arts
109215,Social Studies
